                  epoch,         train/box_loss,         train/cls_loss,         train/dfl_loss,   metrics/precision(B),      metrics/recall(B),       metrics/mAP50(B),    metrics/mAP50-95(B),           val/box_loss,           val/cls_loss,           val/dfl_loss,                 lr/pg0,                 lr/pg1,                 lr/pg2
                      1,                 1.6085,                 1.4449,                 1.3624,                0.67654,                0.62279,                0.67081,                0.33221,                  1.784,                 1.3832,                 1.4726,             0.00066526,             0.00066526,             0.00066526
                      2,                 1.4368,                 1.0634,                 1.2515,                0.54023,                0.49108,                0.49013,                0.25152,                 1.8123,                 2.0109,                 1.4946,              0.0010682,              0.0010682,              0.0010682
                      3,                 1.3863,                 1.0013,                 1.2277,                 0.6859,                0.59753,                0.64591,                 0.3354,                 1.7944,                 1.3116,                 1.4392,              0.0012072,              0.0012072,              0.0012072
                      4,                 1.3412,                0.93777,                 1.2098,                0.70999,                0.57304,                0.64412,                0.35463,                 1.7089,                 1.3776,                 1.4309,               0.000812,               0.000812,               0.000812
                      5,                 1.2902,                 0.8813,                 1.1884,                0.73958,                0.63995,                0.71269,                0.38148,                 1.6845,                 1.1993,                 1.3936,               0.000416,               0.000416,               0.000416
